{
  "num_samples": 1935,
  "embed_dim": 256,
  "svd": {
    "actual_transition": {
      "top_1_singular": 19.34712791442871,
      "top_5_singular_sum": 55.17253494262695,
      "top_10_singular_sum": 63.75259780883789,
      "top_20_singular_sum": 71.66899108886719,
      "total_singular_sum": 86.50077819824219,
      "top_5_fraction": 0.6378270387649536,
      "top_10_fraction": 0.7370176315307617,
      "top_20_fraction": 0.828535795211792,
      "effective_rank_01": 48,
      "effective_rank_001": 115,
      "singular_values_top_20": [
        19.34712791442871,
        14.29786205291748,
        12.083873748779297,
        6.093371868133545,
        3.3502986431121826,
        2.5817227363586426,
        1.7449411153793335,
        1.595445990562439,
        1.4426313638687134,
        1.2153253555297852,
        1.0486016273498535,
        1.0124770402908325,
        0.9880766272544861,
        0.8268433213233948,
        0.7921411991119385,
        0.729213297367096,
        0.697221577167511,
        0.6507713794708252,
        0.5996531844139099,
        0.571386456489563
      ]
    },
    "predicted_transition": {
      "top_1_singular": 74.80982971191406,
      "top_5_singular_sum": 229.84190368652344,
      "top_10_singular_sum": 288.3507995605469,
      "top_20_singular_sum": 337.6124572753906,
      "total_singular_sum": 466.9590759277344,
      "top_5_fraction": 0.49220994114875793,
      "top_10_fraction": 0.6175076365470886,
      "top_20_fraction": 0.7230022549629211,
      "effective_rank_01": 77,
      "effective_rank_001": 214,
      "singular_values_top_20": [
        74.80982971191406,
        62.75724411010742,
        43.09211730957031,
        28.311748504638672,
        20.870962142944336,
        14.86867904663086,
        12.799203872680664,
        11.902566909790039,
        10.154617309570312,
        8.78383731842041,
        8.044957160949707,
        6.074471950531006,
        5.494690895080566,
        4.978638648986816,
        4.958357334136963,
        4.380059242248535,
        4.2919745445251465,
        4.067249774932861,
        3.5751421451568604,
        3.396113157272339
      ]
    },
    "prediction_error": {
      "top_1_singular": 74.76902770996094,
      "top_5_singular_sum": 214.69052124023438,
      "top_10_singular_sum": 267.6137390136719,
      "top_20_singular_sum": 314.46954345703125,
      "total_singular_sum": 444.8690185546875,
      "top_5_fraction": 0.4825926423072815,
      "top_10_fraction": 0.6015562415122986,
      "top_20_fraction": 0.7068811655044556,
      "effective_rank_01": 80,
      "effective_rank_001": 215,
      "singular_values_top_20": [
        74.76902770996094,
        61.996299743652344,
        35.482791900634766,
        27.728418350219727,
        14.713981628417969,
        13.410244941711426,
        11.68661880493164,
        10.748526573181152,
        9.388866424560547,
        7.688955307006836,
        6.614872932434082,
        6.016026496887207,
        5.477842807769775,
        5.116036891937256,
        4.736209392547607,
        4.5690741539001465,
        4.234476566314697,
        3.5370819568634033,
        3.435293674468994,
        3.1188900470733643
      ]
    }
  },
  "linearity": {
    "mse": 0.0028988593257963657,
    "mae": 0.025580890476703644,
    "r2_mean": 0.9638795852661133,
    "cosine_similarity": 0.9986097812652588,
    "residual_norm": 37.89382553100586,
    "weight_matrix_norm": 3154.16259765625
  },
  "per_action_type": {
    "ADD_METHOD": {
      "count": 289,
      "actual_change_magnitude_mean": 0.7428309321403503,
      "actual_change_magnitude_std": 0.44754233956336975,
      "predicted_change_magnitude_mean": 3.5638110637664795,
      "prediction_error_mean": 3.462885618209839,
      "cosine_similarity_mean": 0.9735244512557983,
      "cosine_similarity_std": 0.005161970388144255,
      "change_variance": 0.0019618140067905188
    },
    "MODIFY_METHOD": {
      "count": 785,
      "actual_change_magnitude_mean": 0.5731247663497925,
      "actual_change_magnitude_std": 0.2155645489692688,
      "predicted_change_magnitude_mean": 2.3491311073303223,
      "prediction_error_mean": 2.2357354164123535,
      "cosine_similarity_mean": 0.9889544248580933,
      "cosine_similarity_std": 0.0027113950345665216,
      "change_variance": 0.0008420611848123372
    },
    "REMOVE_METHOD": {
      "count": 64,
      "actual_change_magnitude_mean": 0.7783744931221008,
      "actual_change_magnitude_std": 0.5259103775024414,
      "predicted_change_magnitude_mean": 1.8542325496673584,
      "prediction_error_mean": 1.7809460163116455,
      "cosine_similarity_mean": 0.9926189184188843,
      "cosine_similarity_std": 0.0024414800573140383,
      "change_variance": 0.002411162480711937
    },
    "ADD_FIELD": {
      "count": 39,
      "actual_change_magnitude_mean": 0.5292717814445496,
      "actual_change_magnitude_std": 0.04807233437895775,
      "predicted_change_magnitude_mean": 2.018397092819214,
      "prediction_error_mean": 1.892189621925354,
      "cosine_similarity_mean": 0.9916925430297852,
      "cosine_similarity_std": 0.0024160484317690134,
      "change_variance": 0.00040233321487903595
    },
    "MODIFY_FIELD": {
      "count": 78,
      "actual_change_magnitude_mean": 0.532353937625885,
      "actual_change_magnitude_std": 0.04732653126120567,
      "predicted_change_magnitude_mean": 2.597083806991577,
      "prediction_error_mean": 2.504534959793091,
      "cosine_similarity_mean": 0.9852320551872253,
      "cosine_similarity_std": 0.001695347367785871,
      "change_variance": 0.00033557575079612434
    },
    "REMOVE_FIELD": {
      "count": 16,
      "actual_change_magnitude_mean": 0.543331503868103,
      "actual_change_magnitude_std": 0.0417570061981678,
      "predicted_change_magnitude_mean": 1.9531128406524658,
      "prediction_error_mean": 1.8872177600860596,
      "cosine_similarity_mean": 0.9924577474594116,
      "cosine_similarity_std": 0.0012951702810823917,
      "change_variance": 0.0002797581837512553
    },
    "ADD_IMPORT": {
      "count": 80,
      "actual_change_magnitude_mean": 0.5545796155929565,
      "actual_change_magnitude_std": 0.07678768783807755,
      "predicted_change_magnitude_mean": 2.4012749195098877,
      "prediction_error_mean": 2.264657497406006,
      "cosine_similarity_mean": 0.9885095357894897,
      "cosine_similarity_std": 0.0011876652715727687,
      "change_variance": 0.0004061808285769075
    },
    "REMOVE_IMPORT": {
      "count": 7,
      "actual_change_magnitude_mean": 0.6034855842590332,
      "actual_change_magnitude_std": 0.009080312214791775,
      "predicted_change_magnitude_mean": 1.9452502727508545,
      "prediction_error_mean": 1.8962299823760986,
      "cosine_similarity_mean": 0.9924775958061218,
      "cosine_similarity_std": 6.206592661328614e-05,
      "change_variance": 1.091619424187229e-06
    },
    "RENAME_SYMBOL": {
      "count": 17,
      "actual_change_magnitude_mean": 0.5715353488922119,
      "actual_change_magnitude_std": 0.10793975740671158,
      "predicted_change_magnitude_mean": 2.0442986488342285,
      "prediction_error_mean": 1.971771478652954,
      "cosine_similarity_mean": 0.9920838475227356,
      "cosine_similarity_std": 0.0013195698847994208,
      "change_variance": 0.000750480277929455
    },
    "MODIFY_TEST": {
      "count": 5,
      "actual_change_magnitude_mean": 0.5960718393325806,
      "actual_change_magnitude_std": 0.02425224892795086,
      "predicted_change_magnitude_mean": 2.022822380065918,
      "prediction_error_mean": 2.024641513824463,
      "cosine_similarity_mean": 0.9921512603759766,
      "cosine_similarity_std": 0.0003490204398985952,
      "change_variance": 1.2037042324664071e-05
    },
    "ADD_TYPE": {
      "count": 8,
      "actual_change_magnitude_mean": 0.5390561819076538,
      "actual_change_magnitude_std": 0.035177189856767654,
      "predicted_change_magnitude_mean": 2.2069873809814453,